[{"model": "sessions.session", "pk": "5vdy1yl7p2gvz8jix1t10qwma7lu4wai", "fields": {"session_data": "eyJuZXh0IjoiLyIsImdvb2dsZS1vYXV0aDJfc3RhdGUiOiJYSUREUkh5SmtwWVRJV210Z1FqdE14aVZDVkk1UU5ITSJ9:1kCQPk:gd4KpGWpAj6Qt5E2GdDBW7rjY7rSLrVPt4xOs0lBkZA", "expire_date": "2020-09-13T16:42:44.914Z"}}, {"model": "sessions.session", "pk": "6c4uj3a04ih9paixgph04xunxahz3npi", "fields": {"session_data": ".eJxVjEsOwiAUAO_C2pAHLT-X7j0DAR5PqgaS0q6Md1eSLnQ7M5kX82Hfit97Xv2C7MwkO_2yGNIj1yHwHuqt8dTqti6Rj4QftvNrw_y8HO3foIRextZo6TCISBNpI8GBhFkmQhW1ArROTN_CgJmjFolIJrA2WchEigA1e38Av4M3Rg:1kEGRp:p3wAzlvrGS0CAo3Dpm2LELy5rq7eFnavpDkJF8Q_ITo", "expire_date": "2020-09-18T18:28:29.419Z"}}, {"model": "sessions.session", "pk": "6s01aecux121tqvnterrhylhaduvlyjh", "fields": {"session_data": ".eJxVjEsOwiAUAO_C2pAHLT-X7j0DAR5PqgaS0q6Md1eSLnQ7M5kX82Hfit97Xv2C7MwkO_2yGNIj1yHwHuqt8dTqti6Rj4QftvNrw_y8HO3foIRextZo6TCISBNpI8GBhFkmQhW1ArROTN_CgJmjFolIJrA2WchEigA1e38Av4M3Rg:1kEg0I:tgfRvXEezfxk2y9nqFRD0spscuG2RITKLv6wd8_J83w", "expire_date": "2020-09-19T21:45:46.535Z"}}, {"model": "sessions.session", "pk": "a85yck5bzq40x7xp609kmrmgb5q107ja", "fields": {"session_data": ".eJxVjEsOwiAUAO_C2pAHLT-X7j0DAR5PqgaS0q6Md1eSLnQ7M5kX82Hfit97Xv2C7MwkO_2yGNIj1yHwHuqt8dTqti6Rj4QftvNrw_y8HO3foIRextZo6TCISBNpI8GBhFkmQhW1ArROTN_CgJmjFolIJrA2WchEigA1e38Av4M3Rg:1kF2HU:a8haAVOuEvP_y1dFHh8zOiOXeE8N5VplRXsMXPf5Snc", "expire_date": "2020-09-20T21:33:00.417Z"}}, {"model": "sessions.session", "pk": "ca1odewh8kuh7fq5pd5o23xj5ugv4wke", "fields": {"session_data": ".eJxVjEsOwiAUAO_C2pAHLT-X7j0DAR5PqgaS0q6Md1eSLnQ7M5kX82Hfit97Xv2C7MwkO_2yGNIj1yHwHuqt8dTqti6Rj4QftvNrw_y8HO3foIRextZo6TCISBNpI8GBhFkmQhW1ArROTN_CgJmjFolIJrA2WchEigA1e38Av4M3Rg:1kK4ne:6KkiDn1dxE23m9jIfFypyTQoTdGYHpMWEeC1p_mfbXU", "expire_date": "2020-10-04T19:15:02.102Z"}}, {"model": "sessions.session", "pk": "cwkl1t0mjoftdnhr2gd97cj6utb74d7q", "fields": {"session_data": ".eJxVjEsOwiAUAO_C2pAHLT-X7j0DAR5PqgaS0q6Md1eSLnQ7M5kX82Hfit97Xv2C7MwkO_2yGNIj1yHwHuqt8dTqti6Rj4QftvNrw_y8HO3foIRextZo6TCISBNpI8GBhFkmQhW1ArROTN_CgJmjFolIJrA2WchEigA1e38Av4M3Rg:1kDspF:lFZOHypBmaXMnjwDX64BRKVERjXU7yIpeg_7RQn3jIo", "expire_date": "2020-09-17T17:15:05.959Z"}}, {"model": "sessions.session", "pk": "lpnyqbg7ov0pctva8ds3iudfxpo3cmuc", "fields": {"session_data": ".eJxVjEsOwiAUAO_C2pAHLT-X7j0DAR5PqgaS0q6Md1eSLnQ7M5kX82Hfit97Xv2C7MwkO_2yGNIj1yHwHuqt8dTqti6Rj4QftvNrw_y8HO3foIRextZo6TCISBNpI8GBhFkmQhW1ArROTN_CgJmjFolIJrA2WchEigA1e38Av4M3Rg:1kEq1u:RxdQ816hipKAAp7Ede-fza1D0lz6sOBLWbHsMnpwSOQ", "expire_date": "2020-09-20T08:28:06.449Z"}}, {"model": "sessions.session", "pk": "m3xtsg92s3i38oe8f0rgtr3ve5b65le7", "fields": {"session_data": ".eJxVjEsOwiAUAO_C2pAHLT-X7j0DAR5PqgaS0q6Md1eSLnQ7M5kX82Hfit97Xv2C7MwkO_2yGNIj1yHwHuqt8dTqti6Rj4QftvNrw_y8HO3foIRextZo6TCISBNpI8GBhFkmQhW1ArROTN_CgJmjFolIJrA2WchEigA1e38Av4M3Rg:1kEbAB:MapO70LzuGCuqdd05BpGtW_TuHoSETULejJ2zIwNtcA", "expire_date": "2020-09-19T16:35:39.014Z"}}, {"model": "sessions.session", "pk": "oglodguxigtmob9f36akixor3nfewiub", "fields": {"session_data": ".eJxVjEsOwiAUAO_C2pAHLT-X7j0DAR5PqgaS0q6Md1eSLnQ7M5kX82Hfit97Xv2C7MwkO_2yGNIj1yHwHuqt8dTqti6Rj4QftvNrw_y8HO3foIRextZo6TCISBNpI8GBhFkmQhW1ArROTN_CgJmjFolIJrA2WchEigA1e38Av4M3Rg:1kDjWp:wCyysEMtrWIP37y_Hk1qjTY7Hc7hwaqUQIjqT5B54T0", "expire_date": "2020-09-17T07:19:27.769Z"}}, {"model": "sessions.session", "pk": "qpd0wwedngou7jtiy2brzpna4jfsxwg2", "fields": {"session_data": ".eJxVjEsOwiAUAO_C2pAHLT-X7j0DAR5PqgaS0q6Md1eSLnQ7M5kX82Hfit97Xv2C7MwkO_2yGNIj1yHwHuqt8dTqti6Rj4QftvNrw_y8HO3foIRextZo6TCISBNpI8GBhFkmQhW1ArROTN_CgJmjFolIJrA2WchEigA1e38Av4M3Rg:1kFBzo:5DKPOksWYRJFYvWLeXN_sz1jmKdJMl8pfHbO0XuareY", "expire_date": "2020-09-21T07:55:24.334Z"}}, {"model": "mainapp.productcategory", "pk": 44, "fields": {"name": "Постеры", "descx": "Постеры с символикой", "is_active": true}}, {"model": "mainapp.productcategory", "pk": 45, "fields": {"name": "Футболки", "descx": "Футболки с символикой", "is_active": true}}, {"model": "mainapp.productcategory", "pk": 46, "fields": {"name": "Кружки", "descx": "Кружки с символикой", "is_active": true}}, {"model": "mainapp.productcategory", "pk": 47, "fields": {"name": "Брелок", "descx": "Брелки с символикой", "is_active": true}}, {"model": "mainapp.productcategory", "pk": 48, "fields": {"name": "Шапка", "descx": "", "is_active": true}}, {"model": "mainapp.merchtype", "pk": 35, "fields": {"name": "Музыка", "descx": "Музыкальный мерч", "is_active": true}}, {"model": "mainapp.merchtype", "pk": 36, "fields": {"name": "Видеоигры", "descx": "Мерч по видеоигре", "is_active": true}}, {"model": "mainapp.merchtype", "pk": 37, "fields": {"name": "Кино", "descx": "Мерч по кинофильму", "is_active": true}}, {"model": "mainapp.merchtype", "pk": 38, "fields": {"name": "Test", "descx": "", "is_active": true}}, {"model": "mainapp.product", "pk": 92, "fields": {"category": 44, "merch_type": 35, "name": "Nirvana постер", "image": "products_images/poster_nirvana_xxo2C2Y.jpg", "short_desc": "Постер рок-группы Nirvana", "full_desc": "Постер Nirvana создан в честь американской рок-группы.", "price": "1296.00", "quantity": 45, "is_active": true}}, {"model": "mainapp.product", "pk": 93, "fields": {"category": 44, "merch_type": 36, "name": "Постер по Overwatch", "image": "products_images/poster_overwatch_U85Gyu0.jpg", "short_desc": "Постер Overwatch", "full_desc": "Постер Overwatch создан по мотивам компьютерной игры в жанре шутера от первого лица, разработанной компанией Blizzard Entertainment.", "price": "1101.60", "quantity": 45, "is_active": true}}, {"model": "mainapp.product", "pk": 94, "fields": {"category": 44, "merch_type": 37, "name": "Shawshank Redemption постер", "image": "products_images/poster_shawshank_Kxd6yWo.jpg", "short_desc": "Постер по кинофильму The Shawshank redemption", "full_desc": "Постер The Shawshank Redemption создан по мотивам кинофильма Фрэнка Дорабонта, основанного на повести Стивена Кинга «Рита Хейуорт и спасение из Шоушенка» .", "price": "972.00", "quantity": 44, "is_active": true}}, {"model": "mainapp.product", "pk": 95, "fields": {"category": 44, "merch_type": 37, "name": "The Green mile постер", "image": "products_images/poster_green_mile.jpg", "short_desc": "Постер по кинофильму The Green Mile", "full_desc": "Постер The Green Mile создан по мотивам кинофильма Фрэнка Дорабонта, основанного на повести Стивена Кинга «Зелёная миля» .", "price": "2268.00", "quantity": 32, "is_active": true}}, {"model": "mainapp.product", "pk": 96, "fields": {"category": 44, "merch_type": 37, "name": "Pulp Fiction постер", "image": "products_images/poster_pulp_fiction.jpg", "short_desc": "Постер по кинофильму The Pulp Fiction (Криминальное чтиво)", "full_desc": "Постер The Pulp Fiction создан по мотивам культового кинофильма Квентина Тарантино.", "price": "1121.04", "quantity": 12, "is_active": true}}, {"model": "mainapp.product", "pk": 97, "fields": {"category": 44, "merch_type": 37, "name": "Dunkirk постер", "image": "products_images/poster_dunkirk.jpg", "short_desc": "Постер по кинофильму Dunkirk (2017)", "full_desc": "Постер Dunkirk (Дюнкерк, 2017) создан по мотивам кинофильма Кристофера Нолана.", "price": "972.00", "quantity": 23, "is_active": true}}, {"model": "mainapp.product", "pk": 98, "fields": {"category": 45, "merch_type": 35, "name": "Motorhead", "image": "products_images/tshirt_1.png", "short_desc": "Motorhead", "full_desc": "Motorhead", "price": "1500.00", "quantity": 87, "is_active": true}}, {"model": "mainapp.product", "pk": 99, "fields": {"category": 45, "merch_type": 36, "name": "Ведьмак", "image": "products_images/tshirt_2.png", "short_desc": "Футболка по игре Ведьмак  3", "full_desc": "Полное описание", "price": "2000.00", "quantity": 65, "is_active": true}}, {"model": "mainapp.product", "pk": 100, "fields": {"category": 46, "merch_type": 35, "name": "Цой", "image": "products_images/cup_3.png", "short_desc": "Цой", "full_desc": "", "price": "2000.00", "quantity": 44, "is_active": true}}, {"model": "mainapp.product", "pk": 101, "fields": {"category": 46, "merch_type": 37, "name": "Апокалипсис сегодня", "image": "products_images/cup_1.png", "short_desc": "кружка с принтом Апокалипсис сегодня", "full_desc": "Кружка с принтом по кинофильму Апокалипсис сегодня", "price": "500.00", "quantity": 43, "is_active": true}}, {"model": "mainapp.product", "pk": 102, "fields": {"category": 46, "merch_type": 36, "name": "Minecraft", "image": "products_images/cup_2.jpg", "short_desc": "Кружка по Minecraft", "full_desc": "Кружка по Minecraft", "price": "555.00", "quantity": 25, "is_active": true}}, {"model": "mainapp.product", "pk": 103, "fields": {"category": 48, "merch_type": 38, "name": "Тестовая шапка", "image": "products_images/hat_test.jpg", "short_desc": "", "full_desc": "", "price": "1500.00", "quantity": 76, "is_active": true}}, {"model": "authapp.shopuser", "pk": 2, "fields": {"password": "pbkdf2_sha256$216000$AHUIjCoiWk92$6LuhCJdxWzcqnUrRGsB4cfr78OCirkeqcS91+e6eQFg=", "last_login": "2020-09-20T19:15:01.361Z", "is_superuser": true, "username": "django", "first_name": "admin", "last_name": "", "is_staff": true, "is_active": true, "date_joined": "2020-08-30T16:41:33.844Z", "avatar": "", "age": 26, "email": "django@gmail.com", "gender": true, "country": "", "activation_key": "", "activation_key_expires": "2020-09-01T16:41:30.721Z", "groups": [], "user_permissions": []}}, {"model": "authapp.shopuser", "pk": 3, "fields": {"password": "pbkdf2_sha256$216000$2QH0SggSUNBj$pCCeeQdyu/E6z35DyyeZGzAMEGwFmVCANRoaN9vOi3Y=", "last_login": "2020-09-03T16:48:09.934Z", "is_superuser": false, "username": "user1", "first_name": "user1", "last_name": "", "is_staff": false, "is_active": true, "date_joined": "2020-09-03T15:15:55.143Z", "avatar": "", "age": 18, "email": "user1231231@gmail.com", "gender": true, "country": "", "activation_key": "67effa2bb7415f4d5af0de84b77d967ef66ce061", "activation_key_expires": "2020-09-05T15:14:25.547Z", "groups": [], "user_permissions": []}}, {"model": "authapp.shopuserprofile", "pk": 2, "fields": {"user": 2, "tagline": "", "about_me": "", "social_url": "", "language": ""}}, {"model": "authapp.shopuserprofile", "pk": 4, "fields": {"user": 3, "tagline": "", "about_me": "", "social_url": "", "language": ""}}, {"model": "basketapp.basket", "pk": 1, "fields": {"user": 2, "product": 102, "quantity": 2, "add_datetime": "2020-09-20T19:39:17.682Z"}}, {"model": "basketapp.basket", "pk": 2, "fields": {"user": 2, "product": 93, "quantity": 2, "add_datetime": "2020-09-20T19:39:19.300Z"}}, {"model": "basketapp.basket", "pk": 7, "fields": {"user": 2, "product": 103, "quantity": 2, "add_datetime": "2020-09-20T19:44:11.786Z"}}, {"model": "basketapp.basket", "pk": 8, "fields": {"user": 2, "product": 94, "quantity": 2, "add_datetime": "2020-09-20T19:44:12.592Z"}}, {"model": "basketapp.basket", "pk": 9, "fields": {"user": 2, "product": 101, "quantity": 2, "add_datetime": "2020-09-20T19:44:41.896Z"}}, {"model": "basketapp.basket", "pk": 10, "fields": {"user": 2, "product": 96, "quantity": 2, "add_datetime": "2020-09-20T19:44:45.921Z"}}, {"model": "basketapp.basket", "pk": 11, "fields": {"user": 2, "product": 98, "quantity": 2, "add_datetime": "2020-09-20T19:45:02.503Z"}}, {"model": "basketapp.basket", "pk": 12, "fields": {"user": 2, "product": 95, "quantity": 2, "add_datetime": "2020-09-20T19:45:03.827Z"}}, {"model": "basketapp.basket", "pk": 13, "fields": {"user": 2, "product": 92, "quantity": 2, "add_datetime": "2020-09-20T19:45:05.093Z"}}, {"model": "basketapp.basket", "pk": 14, "fields": {"user": 2, "product": 99, "quantity": 2, "add_datetime": "2020-09-20T19:45:22.487Z"}}, {"model": "basketapp.basket", "pk": 15, "fields": {"user": 2, "product": 100, "quantity": 2, "add_datetime": "2020-09-20T19:45:26.063Z"}}, {"model": "basketapp.basket", "pk": 16, "fields": {"user": 2, "product": 97, "quantity": 2, "add_datetime": "2020-09-20T19:48:09.811Z"}}, {"model": "ordersapp.order", "pk": 1, "fields": {"user": 2, "created_at": "2020-09-03T10:54:52.793Z", "updated_at": "2020-09-03T13:08:52.391Z", "is_active": false, "status": "FM"}}, {"model": "ordersapp.order", "pk": 2, "fields": {"user": 2, "created_at": "2020-09-03T11:03:56.865Z", "updated_at": "2020-09-04T18:28:53.838Z", "is_active": true, "status": "STP"}}, {"model": "ordersapp.order", "pk": 3, "fields": {"user": 2, "created_at": "2020-09-03T11:12:36.423Z", "updated_at": "2020-09-06T22:24:51.693Z", "is_active": true, "status": "FM"}}, {"model": "ordersapp.order", "pk": 4, "fields": {"user": 2, "created_at": "2020-09-03T11:20:24.624Z", "updated_at": "2020-09-05T17:32:33.861Z", "is_active": true, "status": "STP"}}, {"model": "ordersapp.order", "pk": 5, "fields": {"user": 2, "created_at": "2020-09-03T15:15:03.072Z", "updated_at": "2020-09-06T13:14:55.250Z", "is_active": true, "status": "STP"}}, {"model": "ordersapp.order", "pk": 6, "fields": {"user": 3, "created_at": "2020-09-03T15:16:13.457Z", "updated_at": "2020-09-06T14:39:11.794Z", "is_active": false, "status": "CNL"}}, {"model": "ordersapp.order", "pk": 7, "fields": {"user": 3, "created_at": "2020-09-03T15:30:17.394Z", "updated_at": "2020-09-03T17:14:48.176Z", "is_active": false, "status": "CNL"}}, {"model": "ordersapp.order", "pk": 8, "fields": {"user": 2, "created_at": "2020-09-03T15:59:04.100Z", "updated_at": "2020-09-06T15:18:37.730Z", "is_active": true, "status": "RDY"}}, {"model": "ordersapp.order", "pk": 9, "fields": {"user": 2, "created_at": "2020-09-05T19:06:05.138Z", "updated_at": "2020-09-06T14:28:46.469Z", "is_active": true, "status": "CNL"}}, {"model": "ordersapp.order", "pk": 10, "fields": {"user": 2, "created_at": "2020-09-06T22:29:44.406Z", "updated_at": "2020-09-06T22:29:44.837Z", "is_active": true, "status": "FM"}}, {"model": "ordersapp.order", "pk": 11, "fields": {"user": 2, "created_at": "2020-09-06T22:30:13.779Z", "updated_at": "2020-09-06T22:39:46.858Z", "is_active": true, "status": "FM"}}, {"model": "ordersapp.order", "pk": 12, "fields": {"user": 2, "created_at": "2020-09-06T23:00:20.850Z", "updated_at": "2020-09-06T23:00:21.054Z", "is_active": true, "status": "FM"}}, {"model": "ordersapp.order", "pk": 13, "fields": {"user": 2, "created_at": "2020-09-06T23:00:48.783Z", "updated_at": "2020-09-20T19:53:31.968Z", "is_active": true, "status": "FM"}}, {"model": "ordersapp.order", "pk": 14, "fields": {"user": 2, "created_at": "2020-09-06T23:07:00.445Z", "updated_at": "2020-09-20T19:53:09.079Z", "is_active": true, "status": "FM"}}, {"model": "ordersapp.order", "pk": 15, "fields": {"user": 2, "created_at": "2020-09-06T23:26:57.890Z", "updated_at": "2020-09-07T08:15:27.076Z", "is_active": false, "status": "RFD"}}, {"model": "ordersapp.order", "pk": 16, "fields": {"user": 2, "created_at": "2020-09-06T23:27:43.683Z", "updated_at": "2020-09-07T08:15:24.389Z", "is_active": false, "status": "CNL"}}, {"model": "ordersapp.order", "pk": 17, "fields": {"user": 2, "created_at": "2020-09-07T00:20:36.333Z", "updated_at": "2020-09-07T08:15:22.558Z", "is_active": true, "status": "RDY"}}, {"model": "ordersapp.orderitem", "pk": 1, "fields": {"order": 1, "product": 92, "quantity": 1}}, {"model": "ordersapp.orderitem", "pk": 2, "fields": {"order": 1, "product": 99, "quantity": 1}}, {"model": "ordersapp.orderitem", "pk": 3, "fields": {"order": 1, "product": 101, "quantity": 1}}, {"model": "ordersapp.orderitem", "pk": 4, "fields": {"order": 2, "product": 93, "quantity": 4}}, {"model": "ordersapp.orderitem", "pk": 5, "fields": {"order": 2, "product": 96, "quantity": 2}}, {"model": "ordersapp.orderitem", "pk": 6, "fields": {"order": 2, "product": 100, "quantity": 1}}, {"model": "ordersapp.orderitem", "pk": 7, "fields": {"order": 2, "product": 103, "quantity": 1}}, {"model": "ordersapp.orderitem", "pk": 8, "fields": {"order": 3, "product": 99, "quantity": 1}}, {"model": "ordersapp.orderitem", "pk": 10, "fields": {"order": 4, "product": 103, "quantity": 9}}, {"model": "ordersapp.orderitem", "pk": 11, "fields": {"order": 4, "product": 92, "quantity": 1}}, {"model": "ordersapp.orderitem", "pk": 12, "fields": {"order": 5, "product": 92, "quantity": 63}}, {"model": "ordersapp.orderitem", "pk": 13, "fields": {"order": 6, "product": 92, "quantity": 11}}, {"model": "ordersapp.orderitem", "pk": 14, "fields": {"order": 7, "product": 92, "quantity": 123}}, {"model": "ordersapp.orderitem", "pk": 15, "fields": {"order": 8, "product": 94, "quantity": 11}}, {"model": "ordersapp.orderitem", "pk": 16, "fields": {"order": 5, "product": 96, "quantity": 9}}, {"model": "ordersapp.orderitem", "pk": 17, "fields": {"order": 9, "product": 92, "quantity": 5}}, {"model": "ordersapp.orderitem", "pk": 18, "fields": {"order": 5, "product": 100, "quantity": 7}}, {"model": "ordersapp.orderitem", "pk": 19, "fields": {"order": 8, "product": 95, "quantity": 4}}, {"model": "ordersapp.orderitem", "pk": 20, "fields": {"order": 8, "product": 96, "quantity": 2}}, {"model": "ordersapp.orderitem", "pk": 21, "fields": {"order": 8, "product": 101, "quantity": 1}}, {"model": "ordersapp.orderitem", "pk": 23, "fields": {"order": 3, "product": 93, "quantity": 3}}, {"model": "ordersapp.orderitem", "pk": 24, "fields": {"order": 3, "product": 98, "quantity": 2}}, {"model": "ordersapp.orderitem", "pk": 25, "fields": {"order": 3, "product": 100, "quantity": 4}}, {"model": "ordersapp.orderitem", "pk": 26, "fields": {"order": 11, "product": 100, "quantity": 2}}, {"model": "ordersapp.orderitem", "pk": 27, "fields": {"order": 12, "product": 102, "quantity": 1}}, {"model": "ordersapp.orderitem", "pk": 28, "fields": {"order": 13, "product": 93, "quantity": 6}}, {"model": "ordersapp.orderitem", "pk": 30, "fields": {"order": 15, "product": 94, "quantity": 1}}, {"model": "ordersapp.orderitem", "pk": 31, "fields": {"order": 15, "product": 95, "quantity": 1}}, {"model": "ordersapp.orderitem", "pk": 32, "fields": {"order": 15, "product": 96, "quantity": 1}}, {"model": "ordersapp.orderitem", "pk": 33, "fields": {"order": 16, "product": 97, "quantity": 1}}, {"model": "ordersapp.orderitem", "pk": 34, "fields": {"order": 16, "product": 100, "quantity": 15}}, {"model": "ordersapp.orderitem", "pk": 35, "fields": {"order": 16, "product": 92, "quantity": 5}}, {"model": "ordersapp.orderitem", "pk": 39, "fields": {"order": 16, "product": 96, "quantity": 3}}, {"model": "ordersapp.orderitem", "pk": 40, "fields": {"order": 16, "product": 94, "quantity": 19}}, {"model": "ordersapp.orderitem", "pk": 41, "fields": {"order": 16, "product": 101, "quantity": 0}}, {"model": "ordersapp.orderitem", "pk": 42, "fields": {"order": 16, "product": 100, "quantity": 30}}, {"model": "ordersapp.orderitem", "pk": 43, "fields": {"order": 13, "product": 102, "quantity": 4}}]